customer_id,first_name,last_name,email,gender,is_new_customer
1,Benjie,Hills,bhills0@altervista.org,Male,FALSE
2,Myron,Coxhead,mcoxhead1@symantec.com,Genderfluid,TRUE
3,Arleen,Redish,aredish2@last.fm,Genderqueer,FALSE
4,Lona,Basant,lbasant3@dedecms.com,Female,TRUE
5,Alix,O'Kennavain,aokennavain4@smugmug.com,Female,TRUE
6,Lia,MacAfee,lmacafee5@ted.com,Agender,TRUE
7,Maximilien,Pinor,mpinor6@imgur.com,Male,TRUE
8,Tamqrah,Ace,tace7@sitemeter.com,Female,TRUE
9,Quincey,Salamon,qsalamon8@buzzfeed.com,Male,TRUE
10,Adan,Kelemen,akelemen9@angelfire.com,Male,FALSE
11,Briggs,Swetenham,bswetenhama@usgs.gov,Male,TRUE
12,Charil,Sacher,csacherb@biblegateway.com,Female,FALSE
13,Sheela,Schubart,sschubartc@kickstarter.com,Female,TRUE
14,Zora,Ellis,zellisd@paginegialle.it,Female,FALSE
15,Zachary,Hawley,zhawleye@eepurl.com,Non-binary,TRUE
16,Sheena,Kynd,skyndf@zimbio.com,Female,FALSE
17,Robby,Panner,rpannerg@blogspot.com,Female,TRUE
18,Annie,Sange,asangeh@tinypic.com,Female,FALSE
19,Aron,Dayes,adayesi@cdbaby.com,Male,TRUE
20,Margeaux,Redparth,mredparthj@pen.io,Female,FALSE
21,Haily,Colquhoun,hcolquhounk@ask.com,Female,TRUE
22,Todd,De Paepe,tdepaepel@gizmodo.com,Male,FALSE
23,Rhianna,Birkwood,rbirkwoodm@histats.com,Female,FALSE
24,Morgun,Minifie,mminifien@scribd.com,Male,FALSE
25,Fletch,Brocklesby,fbrocklesbyo@google.nl,Genderqueer,TRUE
26,Tana,Signoret,tsignoretp@china.com.cn,Female,FALSE
27,Nike,Steuhlmeyer,nsteuhlmeyerq@adobe.com,Female,TRUE
28,Gussie,Gerred,ggerredr@stanford.edu,Female,TRUE
29,Willi,Erangy,werangys@cbc.ca,Female,FALSE
30,Estella,Oakey,eoakeyt@walmart.com,Female,FALSE
31,Ruperto,Tolson,rtolsonu@apple.com,Male,FALSE
32,Zach,McEvoy,zmcevoyv@imgur.com,Male,TRUE
33,Clevey,Raybould,craybouldw@liveinternet.ru,Male,FALSE
34,Ruthanne,Joint,rjointx@wufoo.com,Female,FALSE
35,Tana,Neath,tneathy@icq.com,Female,FALSE
36,Currey,Stonebridge,cstonebridgez@jimdo.com,Male,FALSE
37,Cory,Hanselman,chanselman10@dot.gov,Male,FALSE
38,Lonnie,Fenners,lfenners11@etsy.com,Male,FALSE
39,Barnabe,Pascall,bpascall12@noaa.gov,Male,TRUE
40,Urbanus,Sharpless,usharpless13@nytimes.com,Male,FALSE
41,Brett,McIsaac,bmcisaac14@smh.com.au,Male,TRUE
42,Kristi,Boon,kboon15@t.co,Female,TRUE
43,Joy,Deeley,jdeeley16@answers.com,Female,TRUE
44,Maje,Mayho,mmayho17@netscape.com,Male,TRUE
45,Carolin,Wycliff,cwycliff18@toplist.cz,Female,TRUE
46,Kevin,New,knew19@devhub.com,Bigender,TRUE
47,Crawford,Denson,cdenson1a@ask.com,Male,FALSE
48,Orson,Moriarty,omoriarty1b@ovh.net,Male,TRUE
49,Mohandas,Telezhkin,mtelezhkin1c@comcast.net,Male,FALSE
50,Dannye,Coyne,dcoyne1d@bandcamp.com,Female,FALSE
51,Felicia,Mollindinia,fmollindinia1e@nba.com,Female,FALSE
52,Angy,Cunde,acunde1f@furl.net,Female,FALSE
53,Wynny,Latore,wlatore1g@bigcartel.com,Female,TRUE
54,Edouard,Stops,estops1h@yandex.ru,Male,FALSE
55,Rosemaria,Pakeman,rpakeman1i@foxnews.com,Female,FALSE
56,Wyn,Harly,wharly1j@rakuten.co.jp,Genderqueer,TRUE
57,Eryn,Mayoh,emayoh1k@webnode.com,Female,FALSE
58,Ellette,Bidewel,ebidewel1l@qq.com,Female,TRUE
59,Drucill,Horley,dhorley1m@php.net,Female,TRUE
60,Ellery,Growy,egrowy1n@paginegialle.it,Male,TRUE
61,Otha,Cowdry,ocowdry1o@cdbaby.com,Female,TRUE
62,Farrand,Nathan,fnathan1p@craigslist.org,Female,TRUE
63,Alleen,Croux,acroux1q@cloudflare.com,Female,FALSE
64,Joey,Batie,jbatie1r@sciencedirect.com,Male,TRUE
65,Nevin,Antoshin,nantoshin1s@google.co.uk,Male,TRUE
66,Mack,Malthouse,mmalthouse1t@ibm.com,Male,TRUE
67,Christal,Connow,cconnow1u@seattletimes.com,Agender,TRUE
68,Modesty,Sweeting,msweeting1v@shinystat.com,Female,TRUE
69,Rem,Weaver,rweaver1w@businessinsider.com,Male,FALSE
70,Donni,Pursehouse,dpursehouse1x@phpbb.com,Female,TRUE
71,Molly,Oven,moven1y@ning.com,Female,FALSE
72,Polly,Doidge,pdoidge1z@blog.com,Female,FALSE
73,Brett,Jenkison,bjenkison20@boston.com,Male,TRUE
74,Brantley,Mateescu,bmateescu21@vinaora.com,Male,TRUE
75,Darelle,Piquard,dpiquard22@last.fm,Female,TRUE
76,Carley,Beynkn,cbeynkn23@sbwire.com,Female,FALSE
77,Trumann,Shevelin,tshevelin24@twitpic.com,Male,FALSE
78,Christin,Peschke,cpeschke25@princeton.edu,Bigender,TRUE
79,Ronny,Ricardo,rricardo26@unc.edu,Male,FALSE
80,Velma,Kinglake,vkinglake27@shop-pro.jp,Female,TRUE
81,Burnaby,Domange,bdomange28@issuu.com,Genderqueer,TRUE
82,Conrad,Shepherdson,cshepherdson29@shop-pro.jp,Male,FALSE
83,Gusty,D'Adamo,gdadamo2a@nytimes.com,Female,TRUE
84,Jasper,Hughill,jhughill2b@yale.edu,Male,TRUE
85,Maxy,Gorsse,mgorsse2c@is.gd,Female,TRUE
86,Magdalen,Iggalden,miggalden2d@free.fr,Female,TRUE
87,Ky,Rosenfrucht,krosenfrucht2e@xing.com,Male,TRUE
88,Konstantin,Warrillow,kwarrillow2f@cbsnews.com,Male,FALSE
89,Neale,Lindholm,nlindholm2g@twitpic.com,Male,TRUE
90,Felicia,Shadrach,fshadrach2h@ted.com,Female,FALSE
91,Orly,Baynard,obaynard2i@nationalgeographic.com,Bigender,TRUE
92,Vicky,Kroll,vkroll2j@vk.com,Female,TRUE
93,Goddard,Freyn,gfreyn2k@nps.gov,Male,TRUE
94,Gerhardine,Malamore,gmalamore2l@apple.com,Female,TRUE
95,Vachel,Blindmann,vblindmann2m@123-reg.co.uk,Male,FALSE
96,Sheba,Dumberell,sdumberell2n@elegantthemes.com,Female,TRUE
97,Yancy,Close,yclose2o@posterous.com,Male,FALSE
98,Jess,Chaloner,jchaloner2p@weibo.com,Male,FALSE
99,Archibaldo,Manford,amanford2q@ning.com,Male,TRUE
100,Pamelina,Kielt,pkielt2r@infoseek.co.jp,Female,FALSE
101,Pauli,Jell,pjell2s@un.org,Female,FALSE
102,Melinde,Grishankov,mgrishankov2t@facebook.com,Female,TRUE
103,Phillipe,Newling,pnewling2u@mysql.com,Male,TRUE
104,Sigismund,Gartin,sgartin2v@tripadvisor.com,Male,FALSE
105,Freddy,Damiral,fdamiral2w@instagram.com,Male,FALSE
106,Minor,Hutfield,mhutfield2x@umn.edu,Agender,FALSE
107,Abbie,Dancer,adancer2y@twitter.com,Male,FALSE
108,Smith,Leppard,sleppard2z@upenn.edu,Male,TRUE
109,Mada,Digman,mdigman30@bloglines.com,Female,FALSE
110,Natividad,Antognazzi,nantognazzi31@statcounter.com,Female,FALSE
111,Noelani,Mully,nmully32@hc360.com,Female,FALSE
112,Markus,Dargue,mdargue33@dropbox.com,Male,FALSE
113,Ammamaria,Noor,anoor34@simplemachines.org,Female,FALSE
114,Obadiah,Fearnside,ofearnside35@hatena.ne.jp,Male,TRUE
115,Madalyn,Scay,mscay36@columbia.edu,Female,TRUE
116,Francisca,Avison,favison37@geocities.com,Female,FALSE
117,Giuditta,Leneve,gleneve38@indiatimes.com,Female,TRUE
118,Leila,Morson,lmorson39@hc360.com,Female,TRUE
119,Eli,Scott,escott3a@cdbaby.com,Male,FALSE
120,Davita,Umbert,dumbert3b@ebay.co.uk,Female,TRUE
121,Frederic,George,fgeorge3c@ezinearticles.com,Male,FALSE
122,Vasily,Gillie,vgillie3d@wikipedia.org,Male,FALSE
123,Shalom,Lauchlan,slauchlan3e@home.pl,Male,FALSE
124,Lindie,Kenaway,lkenaway3f@ifeng.com,Female,FALSE
125,Geneva,Caughte,gcaughte3g@wikia.com,Female,FALSE
126,Misti,Wincer,mwincer3h@desdev.cn,Female,FALSE
127,Rodolph,Noorwood,rnoorwood3i@reverbnation.com,Male,FALSE
128,Virgil,Denham,vdenham3j@hubpages.com,Male,FALSE
129,Zsazsa,Sacks,zsacks3k@youtube.com,Female,TRUE
130,Larissa,Riddall,lriddall3l@storify.com,Female,TRUE
131,Nicolle,Geal,ngeal3m@latimes.com,Female,TRUE
132,Vinnie,Pashbee,vpashbee3n@github.io,Male,FALSE
133,Corey,Goodrich,cgoodrich3o@liveinternet.ru,Male,FALSE
134,Gaby,Hughman,ghughman3p@livejournal.com,Female,FALSE
135,Ingar,Cissell,icissell3q@eepurl.com,Male,TRUE
136,Eleni,Alcott,ealcott3r@techcrunch.com,Female,TRUE
137,Jeffie,Markushkin,jmarkushkin3s@angelfire.com,Non-binary,FALSE
138,Ciro,Crockford,ccrockford3t@techcrunch.com,Male,TRUE
139,Matthias,Gladdor,mgladdor3u@booking.com,Male,TRUE
140,Reinwald,Simmers,rsimmers3v@huffingtonpost.com,Male,FALSE
141,Bud,Noonan,bnoonan3w@wired.com,Male,TRUE
142,Chad,Loweth,cloweth3x@aol.com,Male,TRUE
143,Cathryn,Johnson,cjohnson3y@ca.gov,Female,FALSE
144,Rochell,Prendiville,rprendiville3z@photobucket.com,Female,FALSE
145,Isaac,Pay,ipay40@constantcontact.com,Male,TRUE
146,Lowe,O'Brallaghan,lobrallaghan41@digg.com,Male,TRUE
147,Catharina,Marns,cmarns42@reference.com,Female,FALSE
148,Effie,Sully,esully43@google.es,Female,FALSE
149,Andi,Borland,aborland44@latimes.com,Female,TRUE
150,Antony,Jozwiak,ajozwiak45@chicagotribune.com,Male,FALSE
151,Hanna,Westmancoat,hwestmancoat46@zimbio.com,Female,TRUE
152,Olivero,Ogglebie,oogglebie47@meetup.com,Male,FALSE
153,Rasia,Lockey,rlockey48@list-manage.com,Female,FALSE
154,Darby,McCully,dmccully49@nih.gov,Female,FALSE
155,Quinton,Saul,qsaul4a@creativecommons.org,Male,FALSE
156,Matty,Mundall,mmundall4b@unc.edu,Male,TRUE
157,Amber,Godmar,agodmar4c@paypal.com,Female,TRUE
158,Jaquelyn,Mityukov,jmityukov4d@list-manage.com,Female,FALSE
159,Reena,Jellicorse,rjellicorse4e@spiegel.de,Female,FALSE
160,Rosalinda,Lebond,rlebond4f@etsy.com,Female,TRUE
161,Averil,Vondrys,avondrys4g@sogou.com,Male,FALSE
162,Dulcinea,Morilla,dmorilla4h@etsy.com,Female,FALSE
163,Yehudit,Farrand,yfarrand4i@soup.io,Male,TRUE
164,Barnabas,Samples,bsamples4j@ucoz.ru,Genderfluid,TRUE
165,Luelle,Myall,lmyall4k@ucla.edu,Female,FALSE
166,Silvia,Aldine,saldine4l@sciencedaily.com,Female,TRUE
167,Josiah,Macbane,jmacbane4m@go.com,Male,FALSE
168,Kyle,Bondar,kbondar4n@sogou.com,Male,FALSE
169,Alva,Pobjoy,apobjoy4o@vistaprint.com,Male,FALSE
170,Jasen,Whawell,jwhawell4p@geocities.jp,Male,TRUE
171,Kearney,Punyer,kpunyer4q@studiopress.com,Male,FALSE
172,Wenona,Siemons,wsiemons4r@people.com.cn,Non-binary,FALSE
173,Sibbie,Ickowics,sickowics4s@umn.edu,Female,TRUE
174,Irving,Valentinuzzi,ivalentinuzzi4t@drupal.org,Male,TRUE
175,Parry,Ham,pham4u@jugem.jp,Male,TRUE
176,Xever,Shakesby,xshakesby4v@icio.us,Male,TRUE
177,Hagen,Orys,horys4w@arstechnica.com,Male,FALSE
178,Hyacinth,Bearne,hbearne4x@dell.com,Female,TRUE
179,Lucine,Jeffree,ljeffree4y@nba.com,Female,FALSE
180,Taylor,Lange,tlange4z@phoca.cz,Male,FALSE
181,Kristofor,Fysh,kfysh50@edublogs.org,Male,TRUE
182,Symon,Isgar,sisgar51@slideshare.net,Male,TRUE
183,Adelice,Currm,acurrm52@spotify.com,Female,FALSE
184,Armin,Vizor,avizor53@photobucket.com,Male,TRUE
185,Gavan,Grinishin,ggrinishin54@comcast.net,Male,TRUE
186,Doroteya,Canete,dcanete55@yellowbook.com,Female,TRUE
187,Liesa,Rodd,lrodd56@dailymotion.com,Female,TRUE
188,Dew,Whitlow,dwhitlow57@virginia.edu,Male,TRUE
189,Kristoforo,Enticott,kenticott58@census.gov,Male,TRUE
190,Emmaline,Poxon,epoxon59@pagesperso-orange.fr,Female,TRUE
191,Alleen,Capeloff,acapeloff5a@nytimes.com,Female,TRUE
192,Orsola,Merrison,omerrison5b@walmart.com,Female,TRUE
193,Ansel,Egdal,aegdal5c@w3.org,Male,FALSE
194,Amandie,Girardot,agirardot5d@hatena.ne.jp,Female,FALSE
195,Janos,Rannells,jrannells5e@usgs.gov,Male,FALSE
196,Cori,Laval,claval5f@wix.com,Female,FALSE
197,Alysia,MacGowan,amacgowan5g@mtv.com,Female,FALSE
198,Tulley,Gamil,tgamil5h@indiatimes.com,Male,FALSE
199,Lezlie,Scotchmer,lscotchmer5i@cisco.com,Genderfluid,TRUE
200,Tamera,Itzig,titzig5j@upenn.edu,Female,TRUE
201,Daron,Varren,dvarren5k@netvibes.com,Female,FALSE
202,Jakob,Cuddehay,jcuddehay5l@usatoday.com,Male,TRUE
203,Estevan,Halpeine,ehalpeine5m@omniture.com,Male,FALSE
204,Una,Trimby,utrimby5n@pen.io,Female,TRUE
205,April,Blunden,ablunden5o@xrea.com,Female,TRUE
206,Gregoor,Heffernan,gheffernan5p@oracle.com,Male,FALSE
207,Gray,Pagden,gpagden5q@themeforest.net,Female,TRUE
208,Missy,Plaistowe,mplaistowe5r@upenn.edu,Female,FALSE
209,Matty,Cockarill,mcockarill5s@bloglovin.com,Male,FALSE
210,Brose,Cortez,bcortez5t@odnoklassniki.ru,Male,TRUE
211,Waldon,Cloke,wcloke5u@flavors.me,Male,FALSE
212,Piper,Probat,pprobat5v@economist.com,Female,FALSE
213,Harrison,Bryer,hbryer5w@scientificamerican.com,Male,TRUE
214,Lorry,Erlam,lerlam5x@ning.com,Female,TRUE
215,Obie,Delleschi,odelleschi5y@fc2.com,Male,TRUE
216,Selinda,Gianotti,sgianotti5z@usgs.gov,Female,TRUE
217,Wally,Drinkhall,wdrinkhall60@columbia.edu,Female,FALSE
218,Hyacinthia,Trudgeon,htrudgeon61@webmd.com,Female,FALSE
219,Wyatan,Norheny,wnorheny62@exblog.jp,Male,FALSE
220,Cinnamon,Ravenhills,cravenhills63@biblegateway.com,Female,TRUE
221,Dedie,Philbin,dphilbin64@blogs.com,Female,TRUE
222,Ashbey,Cramond,acramond65@bloglines.com,Male,TRUE
223,Dori,Summerlie,dsummerlie66@storify.com,Female,TRUE
224,Ellery,Maslen,emaslen67@independent.co.uk,Male,FALSE
225,Keary,Dupey,kdupey68@tumblr.com,Male,FALSE
226,Dougie,Essery,dessery69@edublogs.org,Male,TRUE
227,Drucie,Lankford,dlankford6a@mapquest.com,Female,FALSE
228,Ellwood,Evens,eevens6b@unicef.org,Male,TRUE
229,Kacy,Costi,kcosti6c@youku.com,Female,FALSE
230,Laurence,Janaway,ljanaway6d@usnews.com,Male,TRUE
231,Jeralee,Simoens,jsimoens6e@nsw.gov.au,Female,FALSE
232,Jim,Wehner,jwehner6f@photobucket.com,Male,FALSE
233,Lind,Le Bosse,llebosse6g@ucoz.com,Male,TRUE
234,Christiana,Radish,cradish6h@indiegogo.com,Female,TRUE
235,Justine,Nortunen,jnortunen6i@smh.com.au,Female,FALSE
236,Adrea,Larsen,alarsen6j@oracle.com,Female,FALSE
237,Si,Gatsby,sgatsby6k@jiathis.com,Male,FALSE
238,Richy,Cottill,rcottill6l@psu.edu,Male,FALSE
239,Adora,Warstall,awarstall6m@jugem.jp,Genderqueer,TRUE
240,Teador,Eyckelberg,teyckelberg6n@woothemes.com,Male,TRUE
241,Mimi,Crossingham,mcrossingham6o@goo.ne.jp,Female,FALSE
242,Leela,Connikie,lconnikie6p@trellian.com,Female,TRUE
243,Margarita,Oolahan,moolahan6q@bbc.co.uk,Female,TRUE
244,Tim,Keast,tkeast6r@usatoday.com,Female,TRUE
245,Anna,Fox,afox6s@unblog.fr,Female,FALSE
246,Wake,Volke,wvolke6t@list-manage.com,Male,FALSE
247,Tarrah,Mellmoth,tmellmoth6u@cdc.gov,Female,TRUE
248,Jared,Jeyes,jjeyes6v@latimes.com,Male,FALSE
249,Breanne,Fuster,bfuster6w@nih.gov,Female,FALSE
250,Gabbie,Popland,gpopland6x@barnesandnoble.com,Male,TRUE
251,Aldo,Genthner,agenthner6y@google.de,Male,TRUE
252,Yulma,Burd,yburd6z@wufoo.com,Male,FALSE
253,Dotti,Atwood,datwood70@symantec.com,Female,FALSE
254,Cecil,Broadfoot,cbroadfoot71@amazon.co.jp,Male,FALSE
255,Joanna,Tanser,jtanser72@icq.com,Female,TRUE
256,Reggy,MacConnechie,rmacconnechie73@skyrock.com,Male,TRUE
257,Trumann,Kybbye,tkybbye74@wikia.com,Male,TRUE
258,Graeme,Eales,geales75@angelfire.com,Male,TRUE
259,Jami,Brierley,jbrierley76@cdc.gov,Female,FALSE
260,Harri,Alleway,halleway77@domainmarket.com,Female,TRUE
261,Aila,McGriele,amcgriele78@ustream.tv,Polygender,TRUE
262,Rosamund,Gunda,rgunda79@issuu.com,Female,TRUE
263,Stavros,Kigelman,skigelman7a@photobucket.com,Male,FALSE
264,Ingeberg,Muehler,imuehler7b@moonfruit.com,Bigender,TRUE
265,Iggy,Licciardi,ilicciardi7c@topsy.com,Male,TRUE
266,Vina,Kempson,vkempson7d@google.nl,Female,TRUE
267,Nell,Benjamin,nbenjamin7e@123-reg.co.uk,Agender,FALSE
268,Danica,McCraw,dmccraw7f@seesaa.net,Female,TRUE
269,Saidee,Darch,sdarch7g@nps.gov,Female,FALSE
270,Scot,Deek,sdeek7h@cargocollective.com,Male,FALSE
271,Louise,Kayne,lkayne7i@delicious.com,Female,FALSE
272,Euphemia,Heino,eheino7j@omniture.com,Female,TRUE
273,Gertruda,Le Estut,gleestut7k@yolasite.com,Female,TRUE
274,Josiah,Dybald,jdybald7l@vkontakte.ru,Male,TRUE
275,Abbye,Downage,adownage7m@plala.or.jp,Female,TRUE
276,Horacio,Guise,hguise7n@networkadvertising.org,Male,FALSE
277,Cozmo,Owlner,cowlner7o@free.fr,Male,FALSE
278,Brucie,Dobrowlski,bdobrowlski7p@github.io,Male,TRUE
279,Bryce,Lapworth,blapworth7q@tinypic.com,Male,FALSE
280,Madel,Toping,mtoping7r@hp.com,Female,TRUE
281,Nels,Guidotti,nguidotti7s@comsenz.com,Male,TRUE
282,Mort,Crewes,mcrewes7t@imageshack.us,Polygender,FALSE
283,Waverly,Tolworthy,wtolworthy7u@wunderground.com,Male,FALSE
284,Anatole,Gasson,agasson7v@cocolog-nifty.com,Male,TRUE
285,Kimberli,Armsden,karmsden7w@t-online.de,Female,FALSE
286,Willi,Donisi,wdonisi7x@dot.gov,Polygender,TRUE
287,Cherise,Costock,ccostock7y@merriam-webster.com,Female,FALSE
288,Kimble,Haton,khaton7z@washington.edu,Male,TRUE
289,Wolfgang,Schuricht,wschuricht80@pagesperso-orange.fr,Male,TRUE
290,Heywood,Poytheras,hpoytheras81@pagesperso-orange.fr,Male,TRUE
291,Jase,Chesswas,jchesswas82@sbwire.com,Male,FALSE
292,Dosi,Drain,ddrain83@sun.com,Female,FALSE
293,Maximo,Yushin,myushin84@economist.com,Male,FALSE
294,Hamish,Rossey,hrossey85@mapquest.com,Male,FALSE
295,Elle,Joiris,ejoiris86@wufoo.com,Female,TRUE
296,Elyse,McElwee,emcelwee87@biblegateway.com,Female,FALSE
297,Lenora,Kinig,lkinig88@gnu.org,Female,FALSE
298,Stevie,Tabbernor,stabbernor89@technorati.com,Male,TRUE
299,Gerianna,Cribbott,gcribbott8a@ftc.gov,Female,FALSE
300,Kendre,Duinbleton,kduinbleton8b@answers.com,Polygender,TRUE
301,Nona,O'Murtagh,nomurtagh8c@taobao.com,Female,FALSE
302,Adrianna,Letixier,aletixier8d@answers.com,Female,FALSE
303,Farand,Bradmore,fbradmore8e@xrea.com,Female,FALSE
304,Jules,Girault,jgirault8f@berkeley.edu,Male,TRUE
305,Teena,Servis,tservis8g@huffingtonpost.com,Female,FALSE
306,Dewie,Braiden,dbraiden8h@quantcast.com,Male,TRUE
307,Evyn,Sturdey,esturdey8i@arstechnica.com,Male,TRUE
308,Elaina,Haggett,ehaggett8j@technorati.com,Female,TRUE
309,Nikolaus,Blazevic,nblazevic8k@odnoklassniki.ru,Male,FALSE
310,Paquito,Lethbridge,plethbridge8l@wired.com,Male,TRUE
311,Roosevelt,Nangle,rnangle8m@indiatimes.com,Male,FALSE
312,Pierce,Lowde,plowde8n@alibaba.com,Genderfluid,TRUE
313,Jackie,Clapperton,jclapperton8o@reddit.com,Male,FALSE
314,Fredrick,Treanor,ftreanor8p@php.net,Genderqueer,FALSE
315,Eimile,Hopkyns,ehopkyns8q@ucoz.com,Female,TRUE
316,Ulrika,Mourant,umourant8r@redcross.org,Female,TRUE
317,Gaspar,Brehault,gbrehault8s@seattletimes.com,Male,FALSE
318,Henrik,Petley,hpetley8t@oakley.com,Male,FALSE
319,Yovonnda,Blakden,yblakden8u@t.co,Female,TRUE
320,Caryn,Karolewski,ckarolewski8v@storify.com,Non-binary,FALSE
321,Blaine,Nevins,bnevins8w@apache.org,Male,TRUE
322,Abel,Courtier,acourtier8x@drupal.org,Male,TRUE
323,Bradley,Kuschel,bkuschel8y@infoseek.co.jp,Male,TRUE
324,Ralph,Pierro,rpierro8z@omniture.com,Male,TRUE
325,Beverly,Frome,bfrome90@seesaa.net,Female,TRUE
326,Jamie,De Brett,jdebrett91@si.edu,Female,FALSE
327,Toby,Cheeld,tcheeld92@narod.ru,Male,TRUE
328,Elbert,Stainton - Skinn,estaintonskinn93@vkontakte.ru,Male,FALSE
329,Ignatius,Hessay,ihessay94@google.com,Male,FALSE
330,Aridatha,Petre,apetre95@twitpic.com,Female,FALSE
331,Nataline,Grist,ngrist96@nbcnews.com,Female,FALSE
332,Quinta,Lis,qlis97@paginegialle.it,Female,TRUE
333,Jacques,Horche,jhorche98@comsenz.com,Male,TRUE
334,Kathie,Pycock,kpycock99@ebay.com,Female,TRUE
335,Esmaria,Chichgar,echichgar9a@over-blog.com,Female,FALSE
336,Olivette,Briddle,obriddle9b@exblog.jp,Female,FALSE
337,Cookie,Kenworthey,ckenworthey9c@google.ca,Female,TRUE
338,Andra,Beard,abeard9d@marriott.com,Female,FALSE
339,Cele,Ruben,cruben9e@washington.edu,Female,TRUE
340,Corbin,Swatman,cswatman9f@tumblr.com,Male,FALSE
341,Rasia,Burkman,rburkman9g@usgs.gov,Female,TRUE
342,Lizzie,Fillon,lfillon9h@wikimedia.org,Female,TRUE
343,Lenee,Jonk,ljonk9i@ox.ac.uk,Female,FALSE
344,Woodie,Gaskill,wgaskill9j@prweb.com,Male,TRUE
345,Norry,Gogarty,ngogarty9k@yahoo.com,Male,TRUE
346,Erhard,Maybury,emaybury9l@who.int,Male,FALSE
347,Mirabella,Khristoforov,mkhristoforov9m@google.com.hk,Female,FALSE
348,Tobie,Serck,tserck9n@timesonline.co.uk,Male,TRUE
349,Diego,Duchant,dduchant9o@sohu.com,Male,FALSE
350,Wendi,Drissell,wdrissell9p@xrea.com,Female,FALSE
351,Idalia,Bicheno,ibicheno9q@nasa.gov,Female,FALSE
352,Caitlin,Rance,crance9r@w3.org,Female,TRUE
353,Electra,Berzons,eberzons9s@oaic.gov.au,Non-binary,TRUE
354,Felic,Bartlet,fbartlet9t@blogspot.com,Male,TRUE
355,Benjamin,Reinhardt,breinhardt9u@mozilla.org,Male,TRUE
356,Nickolai,Abbatucci,nabbatucci9v@fastcompany.com,Male,TRUE
357,Stanislaw,Archdeckne,sarchdeckne9w@arstechnica.com,Male,FALSE
358,Marcus,Arrigo,marrigo9x@rambler.ru,Male,FALSE
359,Sherie,Pendergast,spendergast9y@addtoany.com,Female,FALSE
360,Camella,Bullent,cbullent9z@seesaa.net,Female,FALSE
361,Roger,Hover,rhovera0@purevolume.com,Male,FALSE
362,Madelon,Whittlesey,mwhittleseya1@unicef.org,Female,FALSE
363,Rodina,Castelot,rcastelota2@shinystat.com,Female,FALSE
364,Launce,Nelsen,lnelsena3@mashable.com,Male,TRUE
365,Carlynn,Bullan,cbullana4@stanford.edu,Female,FALSE
366,Norton,Ashman,nashmana5@tumblr.com,Male,FALSE
367,Basile,Nana,bnanaa6@technorati.com,Male,TRUE
368,Demetrius,Shepherd,dshepherda7@washington.edu,Male,FALSE
369,Martie,Skarr,mskarra8@reference.com,Female,FALSE
370,Lisa,Harbidge,lharbidgea9@google.it,Female,TRUE
371,Glenden,Hearnes,ghearnesaa@fda.gov,Male,TRUE
372,Cristi,Barrington,cbarringtonab@youku.com,Female,TRUE
373,Raphael,Oboy,roboyac@jigsy.com,Male,FALSE
374,Clayton,Knowler,cknowlerad@list-manage.com,Male,FALSE
375,Terrie,Lorenzo,tlorenzoae@google.co.jp,Female,TRUE
376,Gaspard,Breffitt,gbreffittaf@adobe.com,Male,TRUE
377,Murry,Farthin,mfarthinag@cisco.com,Male,TRUE
378,Syd,Jeff,sjeffah@deviantart.com,Male,TRUE
379,Kermie,Jessop,kjessopai@quantcast.com,Male,TRUE
380,Daron,Leafe,dleafeaj@paginegialle.it,Male,TRUE
381,Uriah,Begbie,ubegbieak@ezinearticles.com,Male,TRUE
382,Bobette,Ollerhead,bollerheadal@harvard.edu,Female,TRUE
383,Rosana,Spinello,rspinelloam@reverbnation.com,Genderfluid,FALSE
384,Bradan,Kinchington,bkinchingtonan@army.mil,Male,FALSE
385,Pauletta,Carwithim,pcarwithimao@deliciousdays.com,Female,FALSE
386,Arabela,Vail,availap@mozilla.com,Female,TRUE
387,Jerri,McCartney,jmccartneyaq@miibeian.gov.cn,Male,TRUE
388,Ellis,Buick,ebuickar@prlog.org,Male,TRUE
389,Kienan,Byer,kbyeras@cdbaby.com,Male,FALSE
390,Edythe,Chitty,echittyat@illinois.edu,Female,TRUE
391,Augy,Gabbetis,agabbetisau@biblegateway.com,Male,FALSE
392,Gunter,Keady,gkeadyav@sohu.com,Male,FALSE
393,Julius,Lascelles,jlascellesaw@army.mil,Male,FALSE
394,Donnie,Pardy,dpardyax@deliciousdays.com,Male,FALSE
395,Billie,Yesenin,byeseninay@mysql.com,Male,FALSE
396,Wade,Durrell,wdurrellaz@oracle.com,Male,FALSE
397,Obadias,Warland,owarlandb0@ocn.ne.jp,Agender,FALSE
398,Vinnie,Colthard,vcolthardb1@furl.net,Male,FALSE
399,Marne,Gatland,mgatlandb2@cafepress.com,Female,TRUE
400,Barret,Benitti,bbenittib3@nyu.edu,Male,TRUE
401,Wilhelm,Burn,wburnb4@examiner.com,Male,TRUE
402,Vasily,Simper,vsimperb5@army.mil,Male,TRUE
403,Dian,MacIlwrick,dmacilwrickb6@issuu.com,Female,TRUE
404,Mendy,Arnoldi,marnoldib7@sfgate.com,Male,FALSE
405,Crawford,Hoogendorp,choogendorpb8@msn.com,Male,FALSE
406,Brigham,Goding,bgodingb9@lycos.com,Male,FALSE
407,Coral,De Lisle,cdelisleba@princeton.edu,Female,FALSE
408,Laure,Cleynman,lcleynmanbb@yelp.com,Genderfluid,FALSE
409,Dedra,Sivess,dsivessbc@devhub.com,Genderqueer,FALSE
410,Tobiah,Stilgoe,tstilgoebd@hubpages.com,Male,FALSE
411,Baxy,Passo,bpassobe@slideshare.net,Male,FALSE
412,Pearle,Shaul,pshaulbf@loc.gov,Female,FALSE
413,Raddy,Watkins,rwatkinsbg@wordpress.com,Male,FALSE
414,Sigismondo,Gaskamp,sgaskampbh@springer.com,Male,FALSE
415,Noach,Gilhouley,ngilhouleybi@hatena.ne.jp,Male,TRUE
416,Vonnie,Orehead,voreheadbj@themeforest.net,Female,TRUE
417,Ollie,Getcliffe,ogetcliffebk@gmpg.org,Male,TRUE
418,Nahum,Cattel,ncattelbl@latimes.com,Male,TRUE
419,Bendite,Tudhope,btudhopebm@wisc.edu,Bigender,FALSE
420,Evelin,Rodger,erodgerbn@t-online.de,Genderfluid,TRUE
421,Keefer,Rene,krenebo@fotki.com,Male,FALSE
422,Tamarah,Dach,tdachbp@nyu.edu,Female,FALSE
423,Sara-ann,Mahomet,smahometbq@shinystat.com,Female,TRUE
424,Gar,Jewers,gjewersbr@livejournal.com,Male,FALSE
425,Mei,Karlicek,mkarlicekbs@uiuc.edu,Female,FALSE
426,Elayne,Storrah,estorrahbt@bloglines.com,Female,FALSE
427,Tedie,Scopham,tscophambu@blogtalkradio.com,Male,FALSE
428,Rosalyn,Ferres,rferresbv@biglobe.ne.jp,Female,TRUE
429,Sisile,Cambell,scambellbw@macromedia.com,Female,FALSE
430,Cecilia,Coath,ccoathbx@mtv.com,Genderqueer,TRUE
431,Jasper,Duffy,jduffyby@msn.com,Male,TRUE
432,Selby,Bugge,sbuggebz@tamu.edu,Male,TRUE
433,Agretha,Echallie,aechalliec0@dagondesign.com,Female,TRUE
434,Di,Silby,dsilbyc1@mac.com,Female,TRUE
435,Bryon,Wilford,bwilfordc2@livejournal.com,Male,TRUE
436,Clemmie,Tonks,ctonksc3@wufoo.com,Male,TRUE
437,Annemarie,Ascraft,aascraftc4@cornell.edu,Female,FALSE
438,Trever,Goddert.sf,tgoddertsfc5@zdnet.com,Male,TRUE
439,Bail,MacAlees,bmacaleesc6@dailymail.co.uk,Male,TRUE
440,Cynde,Nelissen,cnelissenc7@nhs.uk,Female,FALSE
441,Wenda,Boakes,wboakesc8@t-online.de,Female,FALSE
442,Sandy,Sobey,ssobeyc9@360.cn,Male,TRUE
443,Napoleon,Bazeley,nbazeleyca@photobucket.com,Male,TRUE
444,Lina,Dallison,ldallisoncb@vimeo.com,Female,FALSE
445,Monah,Curnokk,mcurnokkcc@facebook.com,Female,FALSE
446,Chilton,Greves,cgrevescd@thetimes.co.uk,Male,FALSE
447,Patrick,Burnall,pburnallce@mashable.com,Male,FALSE
448,Gae,Halwill,ghalwillcf@accuweather.com,Female,TRUE
449,Moise,Aldous,maldouscg@w3.org,Male,FALSE
450,Elnora,Marples,emarplesch@yale.edu,Female,FALSE
451,Ernestine,Pyner,epynerci@va.gov,Female,TRUE
452,Drew,Guerriero,dguerrierocj@tamu.edu,Male,FALSE
453,Tyrus,Trobe,ttrobeck@sitemeter.com,Male,TRUE
454,Fiann,Breakwell,fbreakwellcl@simplemachines.org,Female,TRUE
455,Chloette,Bisgrove,cbisgrovecm@fc2.com,Female,FALSE
456,Giraud,Margaritelli,gmargaritellicn@bloglovin.com,Male,FALSE
457,Ignacius,Assaf,iassafco@naver.com,Male,FALSE
458,Velma,Delany,vdelanycp@alibaba.com,Female,TRUE
459,Cesare,Bixley,cbixleycq@theatlantic.com,Male,FALSE
460,Claus,Rohlfing,crohlfingcr@discuz.net,Genderqueer,FALSE
461,Papagena,Drepp,pdreppcs@dyndns.org,Female,TRUE
462,Grover,Fiske,gfiskect@twitpic.com,Male,FALSE
463,Dell,Scolli,dscollicu@usda.gov,Female,TRUE
464,Ingrid,Bedells,ibedellscv@nyu.edu,Female,TRUE
465,Paola,Benmore,pbenmorecw@privacy.gov.au,Female,TRUE
466,Gerhard,Mitchelhill,gmitchelhillcx@fotki.com,Male,TRUE
467,Elonore,Yurinov,eyurinovcy@cloudflare.com,Female,FALSE
468,Rheta,Corkan,rcorkancz@mlb.com,Female,FALSE
469,Mill,Jakubowicz,mjakubowiczd0@opera.com,Bigender,FALSE
470,Denney,Penberthy,dpenberthyd1@networksolutions.com,Male,TRUE
471,Vanya,Leband,vlebandd2@berkeley.edu,Genderfluid,FALSE
472,El,Dearing,edearingd3@aboutads.info,Male,TRUE
473,Shirlene,Tassell,stasselld4@friendfeed.com,Female,TRUE
474,Dorene,Cleminshaw,dcleminshawd5@nymag.com,Genderfluid,TRUE
475,Regan,Toynbee,rtoynbeed6@woothemes.com,Male,FALSE
476,Astra,Issatt,aissattd7@unblog.fr,Bigender,FALSE
477,Pier,Kenyam,pkenyamd8@google.ru,Female,FALSE
478,Vaughn,Guntrip,vguntripd9@example.com,Male,FALSE
479,Darin,MacDearmaid,dmacdearmaidda@instagram.com,Male,TRUE
480,Mickie,Pauler,mpaulerdb@is.gd,Male,FALSE
481,Dione,Waldram,dwaldramdc@qq.com,Female,FALSE
482,Prescott,Schruyers,pschruyersdd@miibeian.gov.cn,Male,TRUE
483,Liuka,De Biasi,ldebiaside@sciencedaily.com,Female,FALSE
484,Chan,Townsend,ctownsenddf@bloglines.com,Male,FALSE
485,Manuel,Wildman,mwildmandg@oracle.com,Male,TRUE
486,Dorian,Kelloch,dkellochdh@reference.com,Male,TRUE
487,Devin,Stanyan,dstanyandi@squidoo.com,Female,FALSE
488,Catharina,Petters,cpettersdj@cnbc.com,Female,FALSE
489,Rosella,Carmody,rcarmodydk@businessinsider.com,Female,TRUE
490,Arnie,Buggs,abuggsdl@yelp.com,Male,TRUE
491,Faith,Burnep,fburnepdm@taobao.com,Female,FALSE
492,Carleton,Ridpath,cridpathdn@godaddy.com,Male,TRUE
493,Temple,Gorthy,tgorthydo@bizjournals.com,Male,TRUE
494,Rollins,Palatino,rpalatinodp@dion.ne.jp,Male,TRUE
495,Arvin,Fearenside,afearensidedq@vk.com,Male,TRUE
496,Moses,Adamik,madamikdr@arstechnica.com,Male,TRUE
497,Annecorinne,Gronw,agronwds@edublogs.org,Female,TRUE
498,Myca,Abrey,mabreydt@goo.gl,Male,TRUE
499,Donica,De Hooge,ddehoogedu@cpanel.net,Female,TRUE
500,Dalis,Robertis,drobertisdv@vk.com,Male,FALSE
501,Lothaire,Labusquiere,llabusquieredw@qq.com,Male,FALSE
502,Pip,Bertelmot,pbertelmotdx@buzzfeed.com,Male,FALSE
503,Ragnar,Clemenson,rclemensondy@sourceforge.net,Male,FALSE
504,Cordie,McGlone,cmcglonedz@about.com,Female,FALSE
505,Nessi,Blackadder,nblackaddere0@sogou.com,Female,FALSE
506,Forrester,Armal,farmale1@t-online.de,Male,TRUE
507,Demetris,Tyt,dtyte2@cyberchimps.com,Male,TRUE
508,Adella,Bateson,abatesone3@i2i.jp,Female,FALSE
509,Eunice,Picopp,epicoppe4@patch.com,Polygender,FALSE
510,Kariotta,Krystof,kkrystofe5@wsj.com,Non-binary,FALSE
511,Sergei,Steptoe,ssteptoee6@t-online.de,Agender,TRUE
512,Benn,Weddup,bweddupe7@hostgator.com,Male,TRUE
513,Anne-corinne,Akid,aakide8@cpanel.net,Female,FALSE
514,Christoph,Danbrook,cdanbrooke9@sbwire.com,Male,FALSE
515,Burton,Wadforth,bwadforthea@devhub.com,Male,FALSE
516,Danya,De Blasiis,ddeblasiiseb@theglobeandmail.com,Male,TRUE
517,Benny,Ticic,bticicec@skyrock.com,Female,FALSE
518,Karlie,Elce,kelceed@bing.com,Female,TRUE
519,Maury,Trim,mtrimee@china.com.cn,Male,TRUE
520,Rosa,Willavize,rwillavizeef@joomla.org,Female,FALSE
521,Kean,Rankcom,krankcomeg@flavors.me,Male,FALSE
522,Sandye,Print,sprinteh@seattletimes.com,Female,TRUE
523,Griffie,Schuck,gschuckei@w3.org,Male,FALSE
524,Babb,Dalligan,bdalliganej@vimeo.com,Female,FALSE
525,Andeee,Townsley,atownsleyek@quantcast.com,Female,FALSE
526,Charisse,Norris,cnorrisel@tmall.com,Female,TRUE
527,Lena,Thraves,lthravesem@sogou.com,Female,TRUE
528,Francklin,Spurgeon,fspurgeonen@senate.gov,Male,TRUE
529,Noelyn,Roughley,nroughleyeo@icq.com,Female,FALSE
530,Ursuline,Issacson,uissacsonep@ftc.gov,Female,TRUE
531,Giselle,Godmar,ggodmareq@bbc.co.uk,Female,TRUE
532,Delaney,Sweetzer,dsweetzerer@blog.com,Male,TRUE
533,Gigi,Husselbee,ghusselbeees@mail.ru,Female,TRUE
534,Wilma,MacHarg,wmacharget@cargocollective.com,Female,TRUE
535,Rozelle,Carmen,rcarmeneu@de.vu,Female,FALSE
536,Johnny,Stanistreet,jstanistreetev@infoseek.co.jp,Male,FALSE
537,Terese,Cocks,tcocksew@wired.com,Female,TRUE
538,Emmit,Gladdor,egladdorex@cargocollective.com,Male,TRUE
539,Charles,Mateo,cmateoey@msu.edu,Male,TRUE
540,Gennie,Beckhurst,gbeckhurstez@nature.com,Female,FALSE
541,Benji,Koles,bkolesf0@webnode.com,Male,TRUE
542,Kai,Dyble,kdyblef1@deliciousdays.com,Female,FALSE
543,Pedro,Meiklejohn,pmeiklejohnf2@boston.com,Male,TRUE
544,Karola,Gage,kgagef3@ebay.co.uk,Female,TRUE
545,Leanora,Felstead,lfelsteadf4@lycos.com,Female,FALSE
546,Thorstein,Dellenbrook,tdellenbrookf5@bravesites.com,Male,TRUE
547,Nickie,Vlach,nvlachf6@ca.gov,Non-binary,FALSE
548,Caspar,Isaq,cisaqf7@taobao.com,Male,FALSE
549,Lila,Denny,ldennyf8@de.vu,Female,FALSE
550,Cosimo,Wayvill,cwayvillf9@netvibes.com,Male,TRUE
551,Dorisa,Elderkin,delderkinfa@disqus.com,Female,FALSE
552,Gloriane,Gaggen,ggaggenfb@trellian.com,Agender,FALSE
553,Debbi,Ruppertz,druppertzfc@163.com,Female,TRUE
554,Justino,Kempson,jkempsonfd@weebly.com,Male,FALSE
555,Marita,Rapkins,mrapkinsfe@nature.com,Female,TRUE
556,Nan,Dewsnap,ndewsnapff@usgs.gov,Female,FALSE
557,Farrell,Allnutt,fallnuttfg@go.com,Male,TRUE
558,Earvin,Dammarell,edammarellfh@nih.gov,Male,FALSE
559,Moses,Skone,mskonefi@webnode.com,Male,FALSE
560,Joyous,MacDermid,jmacdermidfj@wiley.com,Female,FALSE
561,Gerianne,Waszczykowski,gwaszczykowskifk@newsvine.com,Female,TRUE
562,Ryun,Pow,rpowfl@trellian.com,Non-binary,FALSE
563,Arley,Loveguard,aloveguardfm@wsj.com,Male,FALSE
564,Ulick,Mussettini,umussettinifn@newsvine.com,Male,FALSE
565,Rollie,Bearns,rbearnsfo@smugmug.com,Male,FALSE
566,Augustine,Colley,acolleyfp@whitehouse.gov,Genderfluid,TRUE
567,Herby,MacMarcuis,hmacmarcuisfq@freewebs.com,Male,FALSE
568,Isidore,Priditt,ipridittfr@ox.ac.uk,Male,FALSE
569,Eugenius,Mokes,emokesfs@slate.com,Male,FALSE
570,Hana,Hardan,hhardanft@dagondesign.com,Polygender,TRUE
571,Valli,Cannell,vcannellfu@google.fr,Agender,FALSE
572,Corina,O' Finan,cofinanfv@loc.gov,Female,TRUE
573,Tammie,Scotchmer,tscotchmerfw@skype.com,Male,FALSE
574,Loralie,McCarter,lmccarterfx@blogger.com,Genderqueer,TRUE
575,Jerrie,Juszczyk,jjuszczykfy@linkedin.com,Non-binary,FALSE
576,Agnesse,Tripony,atriponyfz@theguardian.com,Female,FALSE
577,Sunny,Tindley,stindleyg0@youtu.be,Female,TRUE
578,Elbertine,Avison,eavisong1@usda.gov,Genderqueer,TRUE
579,Antoinette,Busson,abussong2@creativecommons.org,Female,FALSE
580,Gwennie,Lattimer,glattimerg3@twitpic.com,Female,FALSE
581,Adan,Casotti,acasottig4@last.fm,Female,FALSE
582,Beatrix,Seeman,bseemang5@weebly.com,Female,TRUE
583,Julio,Johnikin,jjohniking6@utexas.edu,Male,FALSE
584,Drusie,Upcott,dupcottg7@yellowpages.com,Female,TRUE
585,Hedy,Ferroli,hferrolig8@ovh.net,Female,TRUE
586,Charissa,Cordelle,ccordelleg9@google.it,Female,TRUE
587,Dayna,Moen,dmoenga@bigcartel.com,Female,TRUE
588,Darwin,Durgan,ddurgangb@webmd.com,Non-binary,TRUE
589,Florella,Balmann,fbalmanngc@cornell.edu,Female,FALSE
590,Eward,Nealon,enealongd@noaa.gov,Male,TRUE
591,Robin,Attree,rattreege@soundcloud.com,Male,TRUE
592,Natassia,Ellyatt,nellyattgf@goo.ne.jp,Female,FALSE
593,Essy,Assante,eassantegg@businessweek.com,Female,TRUE
594,Eugenius,Lante,elantegh@4shared.com,Male,FALSE
595,Tillie,Gustus,tgustusgi@prnewswire.com,Female,FALSE
596,Jeanette,McVicker,jmcvickergj@nhs.uk,Female,FALSE
597,Cam,Duinbleton,cduinbletongk@java.com,Female,FALSE
598,Rodolph,Satford,rsatfordgl@virginia.edu,Male,TRUE
599,Laney,Fedoronko,lfedoronkogm@ft.com,Female,TRUE
600,Leopold,Bryant,lbryantgn@independent.co.uk,Non-binary,TRUE
601,Abdul,Fairhead,afairheadgo@geocities.com,Male,FALSE
602,Chelsie,Heynel,cheynelgp@goo.gl,Female,FALSE
603,Nanette,Redmond,nredmondgq@deviantart.com,Female,FALSE
604,Bertine,Dunsmuir,bdunsmuirgr@sina.com.cn,Female,FALSE
605,Steffane,Thorburn,sthorburngs@amazon.com,Female,FALSE
606,Jillie,Daintith,jdaintithgt@mayoclinic.com,Female,FALSE
607,Ely,MacKenny,emackennygu@dailymail.co.uk,Male,FALSE
608,Lorianne,Mathew,lmathewgv@marketwatch.com,Female,TRUE
609,Perkin,Drache,pdrachegw@macromedia.com,Male,TRUE
610,Freeman,Mallinder,fmallindergx@taobao.com,Male,TRUE
611,Cullen,Asman,casmangy@xinhuanet.com,Male,FALSE
612,Agatha,Ellingham,aellinghamgz@cornell.edu,Female,FALSE
613,Felizio,Bolesma,fbolesmah0@instagram.com,Genderfluid,FALSE
614,Allyn,Mears,amearsh1@zdnet.com,Female,TRUE
615,Berti,Simonini,bsimoninih2@goo.ne.jp,Female,FALSE
616,Wally,Orteu,worteuh3@seesaa.net,Male,TRUE
617,Stesha,Eates,seatesh4@springer.com,Female,FALSE
618,Reade,Anand,ranandh5@nba.com,Male,TRUE
619,Eula,Maffi,emaffih6@home.pl,Genderqueer,FALSE
620,Natalie,McClean,nmccleanh7@nyu.edu,Female,TRUE
621,Bryanty,Peaurt,bpeaurth8@drupal.org,Genderqueer,FALSE
622,Tabb,Wilshin,twilshinh9@mysql.com,Male,TRUE
623,Sigvard,Fassbender,sfassbenderha@nhs.uk,Genderqueer,FALSE
624,James,Gethings,jgethingshb@posterous.com,Male,TRUE
625,Carey,Zavattari,czavattarihc@vkontakte.ru,Male,TRUE
626,Lionel,Nussgen,lnussgenhd@php.net,Male,TRUE
627,Virge,Esbrook,vesbrookhe@foxnews.com,Male,TRUE
628,Antonella,Laise,alaisehf@dropbox.com,Female,TRUE
629,Idelle,Chrystie,ichrystiehg@time.com,Female,TRUE
630,Trudie,Philipeaux,tphilipeauxhh@homestead.com,Female,FALSE
631,Jerry,O'Corren,jocorrenhi@examiner.com,Female,TRUE
632,Dasya,Yarham,dyarhamhj@marriott.com,Female,TRUE
633,Sella,Balsellie,sbalselliehk@imdb.com,Female,TRUE
634,Kally,Pring,kpringhl@devhub.com,Female,TRUE
635,Rich,Charlick,rcharlickhm@cloudflare.com,Bigender,FALSE
636,Shepard,Ogborn,sogbornhn@gmpg.org,Male,TRUE
637,Daryn,O'Towey,dotoweyho@freewebs.com,Female,FALSE
638,Nickola,Skitterel,nskitterelhp@yellowbook.com,Genderfluid,TRUE
639,Brande,Alflatt,balflatthq@illinois.edu,Female,FALSE
640,Swen,Dionisii,sdionisiihr@ibm.com,Male,FALSE
641,Pat,Butterfint,pbutterfinths@360.cn,Male,TRUE
642,Lucky,Stanlack,lstanlackht@pen.io,Female,FALSE
643,Donnell,Leipoldt,dleipoldthu@canalblog.com,Genderfluid,FALSE
644,Win,Di Biasio,wdibiasiohv@alibaba.com,Male,TRUE
645,Shalom,Branigan,sbraniganhw@rediff.com,Polygender,TRUE
646,Tadio,Klauer,tklauerhx@phpbb.com,Agender,FALSE
647,Anatollo,Crathorne,acrathornehy@cafepress.com,Male,FALSE
648,Kerrin,Lodin,klodinhz@berkeley.edu,Female,TRUE
649,Cristie,Claus,cclausi0@biblegateway.com,Female,TRUE
650,Karlotta,Denzey,kdenzeyi1@unc.edu,Female,TRUE
651,Winifield,Stollmeier,wstollmeieri2@arizona.edu,Male,TRUE
652,Hanan,Dogg,hdoggi3@senate.gov,Male,FALSE
653,Iormina,McAnalley,imcanalleyi4@google.com.hk,Female,TRUE
654,Davon,Brisse,dbrissei5@bloglovin.com,Male,TRUE
655,Anastasia,Winram,awinrami6@youku.com,Agender,TRUE
656,Murial,Hacking,mhackingi7@jiathis.com,Genderqueer,TRUE
657,Winthrop,Olphert,wolpherti8@cloudflare.com,Male,FALSE
658,Kane,Alexandre,kalexandrei9@ning.com,Male,TRUE
659,Conroy,Blinman,cblinmania@theatlantic.com,Male,FALSE
660,Chicky,Ryland,crylandib@walmart.com,Male,FALSE
661,Gayelord,Dog,gdogic@walmart.com,Male,FALSE
662,Elianore,Braunes,ebraunesid@go.com,Female,TRUE
663,Kelcey,Bowgen,kbowgenie@feedburner.com,Female,FALSE
664,Trula,Polglaze,tpolglazeif@sitemeter.com,Female,TRUE
665,Verene,Hebborn,vhebbornig@taobao.com,Female,TRUE
666,Belinda,Rubinovitch,brubinovitchih@wix.com,Female,FALSE
667,Elissa,Dallison,edallisonii@parallels.com,Female,FALSE
668,Dexter,Rugge,druggeij@adobe.com,Male,TRUE
669,Linda,Mahody,lmahodyik@miitbeian.gov.cn,Female,FALSE
670,Putnem,Schapiro,pschapiroil@princeton.edu,Agender,TRUE
671,Xenos,Van Der Weedenburg,xvanderweedenburgim@smh.com.au,Male,FALSE
672,Pippy,MacNelly,pmacnellyin@networksolutions.com,Female,FALSE
673,Patty,Keuning,pkeuningio@un.org,Female,FALSE
674,Byrle,Currm,bcurrmip@slate.com,Male,TRUE
675,Forester,Dodshon,fdodshoniq@vimeo.com,Male,FALSE
676,Giffy,Denholm,gdenholmir@topsy.com,Male,FALSE
677,Vittorio,Mangeon,vmangeonis@de.vu,Polygender,TRUE
678,Trace,Touzey,ttouzeyit@google.nl,Agender,TRUE
679,Dannie,Calabry,dcalabryiu@goo.gl,Female,TRUE
680,Em,Torres,etorresiv@si.edu,Male,FALSE
681,Timothea,Vousden,tvousdeniw@issuu.com,Female,FALSE
682,Derry,Grierson,dgriersonix@imageshack.us,Genderqueer,FALSE
683,Maryanna,Dach,mdachiy@wisc.edu,Female,TRUE
684,Corrie,Roff,croffiz@lulu.com,Non-binary,FALSE
685,Orel,Rumming,orummingj0@feedburner.com,Female,FALSE
686,Shepard,Jorin,sjorinj1@google.pl,Genderqueer,TRUE
687,Charley,Petru,cpetruj2@gnu.org,Male,FALSE
688,Rickert,Teresse,rteressej3@washington.edu,Male,FALSE
689,Rolph,Mayou,rmayouj4@quantcast.com,Male,FALSE
690,Rene,McAnalley,rmcanalleyj5@smh.com.au,Male,TRUE
691,Rogerio,Halwood,rhalwoodj6@elpais.com,Male,FALSE
692,Willow,Hymor,whymorj7@statcounter.com,Female,FALSE
693,Lorne,Labon,llabonj8@google.cn,Male,TRUE
694,Lind,Lambourn,llambournj9@senate.gov,Male,FALSE
695,Rahel,Hallworth,rhallworthja@ucoz.ru,Female,FALSE
696,Sergei,Quennell,squennelljb@cocolog-nifty.com,Non-binary,TRUE
697,Chance,Rikard,crikardjc@google.com.br,Male,FALSE
698,Donnie,Gillbee,dgillbeejd@google.co.uk,Female,FALSE
699,Hervey,Meletti,hmelettije@about.me,Male,TRUE
700,Jefferey,Parkes,jparkesjf@nbcnews.com,Male,TRUE
701,Kenon,Formie,kformiejg@bloglines.com,Male,TRUE
702,Thor,Woolerton,twoolertonjh@drupal.org,Male,FALSE
703,Blakeley,Lorryman,blorrymanji@ucsd.edu,Female,FALSE
704,Hartwell,Balden,hbaldenjj@usda.gov,Male,FALSE
705,Frants,Rosengart,frosengartjk@geocities.com,Male,TRUE
706,Hugues,Dumingo,hdumingojl@newsvine.com,Male,FALSE
707,Jasen,Treeby,jtreebyjm@noaa.gov,Male,TRUE
708,Nona,Sommerling,nsommerlingjn@youtube.com,Female,FALSE
709,Herschel,Hunsworth,hhunsworthjo@ed.gov,Male,TRUE
710,Starlin,Kubas,skubasjp@last.fm,Female,TRUE
711,Rolf,Clemits,rclemitsjq@seesaa.net,Male,FALSE
712,Bartlet,Janas,bjanasjr@newsvine.com,Male,FALSE
713,Ania,Turnor,aturnorjs@cloudflare.com,Female,TRUE
714,Angie,Parlatt,aparlattjt@bing.com,Male,FALSE
715,Jenifer,Mongin,jmonginju@163.com,Female,FALSE
716,Carin,Johananoff,cjohananoffjv@timesonline.co.uk,Female,TRUE
717,Joceline,Stive,jstivejw@nbcnews.com,Female,FALSE
718,Duane,Sturges,dsturgesjx@wix.com,Male,FALSE
719,Amie,Egginton,aeggintonjy@tamu.edu,Female,FALSE
720,Cirilo,Martell,cmartelljz@google.es,Male,FALSE
721,Lianne,Boon,lboonk0@tuttocitta.it,Polygender,FALSE
722,Orlan,Cristoforetti,ocristoforettik1@psu.edu,Male,FALSE
723,Nicol,Terrey,nterreyk2@4shared.com,Agender,TRUE
724,Alf,Bowld,abowldk3@microsoft.com,Male,FALSE
725,Barrie,Mccaull,bmccaullk4@shop-pro.jp,Male,FALSE
726,Burty,Mussington,bmussingtonk5@google.com.br,Male,TRUE
727,Dory,Deedes,ddeedesk6@facebook.com,Genderqueer,TRUE
728,Kata,Grinikhinov,kgrinikhinovk7@springer.com,Female,TRUE
729,Denys,Littefair,dlittefairk8@uol.com.br,Male,TRUE
730,Pavel,Filyakov,pfilyakovk9@simplemachines.org,Male,FALSE
731,Guntar,Cunradi,gcunradika@nifty.com,Male,FALSE
732,Vic,Lendrem,vlendremkb@virginia.edu,Male,FALSE
733,Evelyn,Sills,esillskc@rediff.com,Male,TRUE
734,Karilynn,Cornelius,kcorneliuskd@jiathis.com,Female,FALSE
735,Sena,Pabelik,spabelikke@deliciousdays.com,Female,FALSE
736,Howard,Whitehall,hwhitehallkf@marketwatch.com,Male,TRUE
737,Abigail,Bree,abreekg@census.gov,Female,TRUE
738,Ellwood,Walley,ewalleykh@tuttocitta.it,Male,FALSE
739,Leontine,Carnall,lcarnallki@histats.com,Female,TRUE
740,Sharai,Rubrow,srubrowkj@hud.gov,Female,FALSE
741,Saundra,Sturror,ssturrorkk@unc.edu,Female,TRUE
742,Chandal,Baton,cbatonkl@ebay.com,Female,TRUE
743,Norma,Delmage,ndelmagekm@marriott.com,Female,TRUE
744,Giacomo,Staneland,gstanelandkn@stumbleupon.com,Male,FALSE
745,Roslyn,Noriega,rnoriegako@hp.com,Female,TRUE
746,Maurise,Beardsworth,mbeardsworthkp@merriam-webster.com,Polygender,FALSE
747,Dillie,Laister,dlaisterkq@nasa.gov,Male,FALSE
748,Naoma,Malan,nmalankr@wisc.edu,Female,TRUE
749,Fleurette,Lochead,flocheadks@mozilla.org,Female,TRUE
750,Kleon,Giacaponi,kgiacaponikt@pbs.org,Male,FALSE
751,Alissa,Getch,agetchku@ox.ac.uk,Polygender,FALSE
752,Brew,Pietri,bpietrikv@elegantthemes.com,Male,TRUE
753,Emlyn,Lasham,elashamkw@ftc.gov,Male,TRUE
754,Marinna,Corrington,mcorringtonkx@google.pl,Female,FALSE
755,Yuma,Atty,yattyky@homestead.com,Male,FALSE
756,Amanda,Mort,amortkz@gmpg.org,Female,TRUE
757,Kylen,Jauncey,kjaunceyl0@intel.com,Bigender,FALSE
758,Tadeo,Pygott,tpygottl1@salon.com,Male,FALSE
759,Braden,Dobrovolny,bdobrovolnyl2@friendfeed.com,Bigender,FALSE
760,Ileana,Mutter,imutterl3@de.vu,Female,FALSE
761,Adella,Smalcombe,asmalcombel4@ask.com,Female,TRUE
762,Donovan,Seabright,dseabrightl5@stumbleupon.com,Non-binary,FALSE
763,Thibaud,Salters,tsaltersl6@mapquest.com,Male,TRUE
764,Patrice,Tidball,ptidballl7@psu.edu,Female,TRUE
765,Minette,Oldford,moldfordl8@typepad.com,Female,FALSE
766,Dianne,Smalecombe,dsmalecombel9@bbc.co.uk,Female,FALSE
767,Redd,Barnfield,rbarnfieldla@booking.com,Male,TRUE
768,Ronnie,Silburn,rsilburnlb@techcrunch.com,Male,TRUE
769,Hermie,Brind,hbrindlc@senate.gov,Male,TRUE
770,Elayne,Abdon,eabdonld@ibm.com,Female,TRUE
771,Addie,Jiri,ajirile@purevolume.com,Male,FALSE
772,Olly,Beahan,obeahanlf@opensource.org,Female,TRUE
773,Kat,Faber,kfaberlg@slideshare.net,Female,TRUE
774,Chrissie,Lapides,clapideslh@blogspot.com,Male,FALSE
775,Giacobo,Nicholson,gnicholsonli@discovery.com,Male,TRUE
776,Maitilde,Southerill,msoutherilllj@clickbank.net,Female,TRUE
777,Shelly,Huxham,shuxhamlk@illinois.edu,Female,TRUE
778,Jamison,Sonner,jsonnerll@abc.net.au,Male,FALSE
779,Ervin,Yeardsley,eyeardsleylm@apple.com,Male,TRUE
780,Berton,Saunderson,bsaundersonln@walmart.com,Male,TRUE
781,Lillian,De Gregario,ldegregariolo@geocities.jp,Female,TRUE
782,Bone,Hickeringill,bhickeringilllp@indiegogo.com,Male,TRUE
783,Webster,Dallimore,wdallimorelq@pen.io,Male,FALSE
784,Liz,Rowsell,lrowselllr@purevolume.com,Bigender,FALSE
785,Lizzy,Hodge,lhodgels@tamu.edu,Female,FALSE
786,Shermie,Tenman,stenmanlt@blogger.com,Male,FALSE
787,Jenilee,Strewther,jstrewtherlu@uiuc.edu,Female,FALSE
788,Berni,Ollerhad,bollerhadlv@phpbb.com,Female,FALSE
789,Maire,Oneill,moneilllw@yelp.com,Female,FALSE
790,Jo,Geraghty,jgeraghtylx@elegantthemes.com,Male,TRUE
791,Maryjane,Crysell,mcrysellly@scientificamerican.com,Female,TRUE
792,Herminia,Drinnan,hdrinnanlz@biglobe.ne.jp,Female,TRUE
793,Kent,Barwood,kbarwoodm0@paginegialle.it,Male,TRUE
794,Jeremiah,Edlestone,jedlestonem1@addthis.com,Male,TRUE
795,Vere,Sawle,vsawlem2@latimes.com,Female,TRUE
796,Erinn,Timms,etimmsm3@geocities.jp,Female,FALSE
797,Marcellina,Muckley,mmuckleym4@globo.com,Female,FALSE
798,Kath,Staveley,kstaveleym5@unc.edu,Female,TRUE
799,Bob,Hymer,bhymerm6@360.cn,Agender,TRUE
800,Herbie,Getley,hgetleym7@odnoklassniki.ru,Male,FALSE
801,Shandeigh,Dongate,sdongatem8@biblegateway.com,Female,FALSE
802,Oralle,Lawton,olawtonm9@google.fr,Female,TRUE
803,Brady,Hambrook,bhambrookma@gravatar.com,Male,FALSE
804,Ario,Laurenzi,alaurenzimb@booking.com,Male,TRUE
805,Ernest,Simmonett,esimmonettmc@ameblo.jp,Male,TRUE
806,Maggi,Buckenhill,mbuckenhillmd@umich.edu,Female,TRUE
807,Christie,Bassingham,cbassinghamme@springer.com,Female,TRUE
808,Eugenie,Ickovits,eickovitsmf@walmart.com,Female,FALSE
809,Denni,Portman,dportmanmg@devhub.com,Female,TRUE
810,Blane,Huot,bhuotmh@usda.gov,Polygender,FALSE
811,Caterina,Fulcher,cfulchermi@unblog.fr,Female,FALSE
812,Godwin,Swallwell,gswallwellmj@biglobe.ne.jp,Male,FALSE
813,Viv,Roxbee,vroxbeemk@kickstarter.com,Female,TRUE
814,Cale,Game,cgameml@foxnews.com,Male,TRUE
815,Carlina,Calvert,ccalvertmm@nydailynews.com,Female,TRUE
816,Portie,Haukey,phaukeymn@mlb.com,Male,FALSE
817,Meta,Ost,mostmo@wikimedia.org,Female,FALSE
818,Robers,Dyer,rdyermp@msn.com,Male,TRUE
819,Genia,Cufley,gcufleymq@webnode.com,Female,FALSE
820,Vernon,Reinger,vreingermr@yale.edu,Genderfluid,FALSE
821,Waite,Gillicuddy,wgillicuddyms@engadget.com,Male,FALSE
822,Travus,Redmore,tredmoremt@si.edu,Male,TRUE
823,Carmine,Treadaway,ctreadawaymu@nasa.gov,Bigender,TRUE
824,Derby,O'Moylane,domoylanemv@sun.com,Male,FALSE
825,Lynn,Petrescu,lpetrescumw@who.int,Male,FALSE
826,Carole,Loffel,cloffelmx@rambler.ru,Female,TRUE
827,Leland,Scaddon,lscaddonmy@harvard.edu,Male,FALSE
828,Adda,Stacy,astacymz@seesaa.net,Female,TRUE
829,Jocelyne,Jeenes,jjeenesn0@blog.com,Female,FALSE
830,Hartwell,Muldowney,hmuldowneyn1@cloudflare.com,Male,TRUE
831,Caitrin,Doles,cdolesn2@ihg.com,Female,FALSE
832,Olivier,Buske,obusken3@salon.com,Male,TRUE
833,Philippa,Burgwin,pburgwinn4@baidu.com,Female,TRUE
834,Barbabra,Gallahar,bgallaharn5@discovery.com,Female,FALSE
835,Alasdair,Moultrie,amoultrien6@cnet.com,Male,FALSE
836,Demetria,Chalice,dchalicen7@sciencedaily.com,Female,FALSE
837,Kip,Durman,kdurmann8@state.gov,Male,TRUE
838,Lynnette,Hartop,lhartopn9@bandcamp.com,Female,TRUE
839,Catherine,Da Costa,cdacostana@cyberchimps.com,Female,TRUE
840,Clayson,MacDaid,cmacdaidnb@xrea.com,Male,FALSE
841,Lorin,Cordrey,lcordreync@princeton.edu,Male,FALSE
842,Cami,Todd,ctoddnd@shareasale.com,Female,FALSE
843,Guillema,Degnen,gdegnenne@ezinearticles.com,Female,FALSE
844,Dixie,Foddy,dfoddynf@wordpress.com,Female,TRUE
845,Rogerio,Gioan,rgioanng@wufoo.com,Male,FALSE
846,Belinda,Kenealy,bkenealynh@sciencedirect.com,Female,TRUE
847,Lexine,Darnody,ldarnodyni@studiopress.com,Female,TRUE
848,Heall,Clausen,hclausennj@123-reg.co.uk,Male,TRUE
849,Skippy,Baumann,sbaumannnk@blogtalkradio.com,Genderqueer,FALSE
850,Amos,Mitchenson,amitchensonnl@auda.org.au,Male,TRUE
851,Trescha,Parres,tparresnm@symantec.com,Female,TRUE
852,Hersh,Sprosson,hsprossonnn@youtu.be,Male,TRUE
853,Cass,Andrews,candrewsno@163.com,Female,TRUE
854,Morty,Soles,msolesnp@devhub.com,Male,TRUE
855,Kerwin,Stemson,kstemsonnq@yahoo.co.jp,Male,TRUE
856,Merrel,Dowsey,mdowseynr@msu.edu,Male,FALSE
857,Tyler,Baltrushaitis,tbaltrushaitisns@diigo.com,Male,FALSE
858,Osbert,Kindell,okindellnt@merriam-webster.com,Male,TRUE
859,Nerti,Malcolm,nmalcolmnu@samsung.com,Female,FALSE
860,Basia,Monckman,bmonckmannv@seesaa.net,Female,TRUE
861,Amalee,Kingswood,akingswoodnw@t-online.de,Female,FALSE
862,Dalston,MacDonogh,dmacdonoghnx@mysql.com,Genderfluid,TRUE
863,Meade,Tyrwhitt,mtyrwhittny@ucsd.edu,Male,TRUE
864,Gallagher,Perry,gperrynz@google.nl,Male,FALSE
865,Bonnee,Sallery,bsalleryo0@mysql.com,Female,FALSE
866,Sheff,Gavey,sgaveyo1@cyberchimps.com,Male,TRUE
867,Petronilla,Lambrook,plambrooko2@baidu.com,Female,FALSE
868,Dieter,Facher,dfachero3@techcrunch.com,Male,FALSE
869,Adolf,Bicksteth,abickstetho4@constantcontact.com,Male,TRUE
870,Annmaria,Speakman,aspeakmano5@yahoo.com,Female,TRUE
871,Barron,Beinisch,bbeinischo6@ted.com,Male,FALSE
872,Ammamaria,Muat,amuato7@addthis.com,Female,FALSE
873,Roland,Kellick,rkellicko8@csmonitor.com,Male,FALSE
874,Felice,Piggins,fpigginso9@4shared.com,Female,FALSE
875,Maryjo,Dalyell,mdalyelloa@topsy.com,Female,TRUE
876,Geralda,Fairney,gfairneyob@a8.net,Female,TRUE
877,Riobard,Sarginson,rsarginsonoc@msu.edu,Male,TRUE
878,Ursulina,Swiffan,uswiffanod@ucoz.ru,Female,FALSE
879,Delmore,McCafferty,dmccaffertyoe@opensource.org,Male,TRUE
880,Ardelle,Blenkin,ablenkinof@privacy.gov.au,Female,TRUE
881,Neila,Mullarkey,nmullarkeyog@reverbnation.com,Female,FALSE
882,Orelle,Pym,opymoh@xrea.com,Female,FALSE
883,Carl,Danbury,cdanburyoi@yandex.ru,Male,TRUE
884,Tuckie,Warmington,twarmingtonoj@com.com,Male,TRUE
885,Randal,Toth,rtothok@soundcloud.com,Male,TRUE
886,Aviva,Erik,aerikol@salon.com,Female,FALSE
887,Kory,Ceeley,kceeleyom@is.gd,Male,TRUE
888,Garrek,Samme,gsammeon@marriott.com,Male,FALSE
889,Margaux,Kenefick,mkenefickoo@unblog.fr,Female,FALSE
890,Che,Pietrzyk,cpietrzykop@pen.io,Male,TRUE
891,Brook,Northgraves,bnorthgravesoq@cbsnews.com,Female,TRUE
892,Moritz,Walster,mwalsteror@bloglovin.com,Male,TRUE
893,Gerianna,Sier,gsieros@arizona.edu,Female,TRUE
894,Hy,McMurty,hmcmurtyot@walmart.com,Male,TRUE
895,Eadith,Hufton,ehuftonou@marriott.com,Female,TRUE
896,Krishnah,Blankley,kblankleyov@acquirethisname.com,Male,TRUE
897,Courtenay,Posse,cposseow@purevolume.com,Female,FALSE
898,Fayina,Jurca,fjurcaox@people.com.cn,Female,FALSE
899,Reinold,Gailor,rgailoroy@webmd.com,Male,TRUE
900,Genevieve,Aberchirder,gaberchirderoz@parallels.com,Female,FALSE
901,Ulrich,Frankling,ufranklingp0@ycombinator.com,Male,FALSE
902,Elfrieda,Rayner,eraynerp1@1und1.de,Genderfluid,TRUE
903,Abelard,Isoldi,aisoldip2@odnoklassniki.ru,Male,TRUE
904,Jerry,Dimitru,jdimitrup3@nih.gov,Male,FALSE
905,Nerte,Maypes,nmaypesp4@cnbc.com,Female,TRUE
906,Moses,D'Orsay,mdorsayp5@clickbank.net,Male,TRUE
907,Gerek,Skeel,gskeelp6@etsy.com,Male,TRUE
908,Gregorio,Artinstall,gartinstallp7@deviantart.com,Male,FALSE
909,Suzanne,Stendell,sstendellp8@admin.ch,Female,TRUE
910,Ange,Meece,ameecep9@techcrunch.com,Female,FALSE
911,Berke,Pavelka,bpavelkapa@csmonitor.com,Male,FALSE
912,Arlie,Spurdens,aspurdenspb@ustream.tv,Female,FALSE
913,Gabriellia,Dennistoun,gdennistounpc@bing.com,Female,TRUE
914,Nevin,Joules,njoulespd@chicagotribune.com,Male,TRUE
915,Arron,Twitty,atwittype@prlog.org,Male,TRUE
916,Jeffie,Ramsey,jramseypf@macromedia.com,Male,TRUE
917,Marlie,Field,mfieldpg@wikipedia.org,Bigender,TRUE
918,Lynna,Andrelli,landrelliph@cargocollective.com,Non-binary,TRUE
919,Nonna,Yandle,nyandlepi@samsung.com,Female,FALSE
920,Berti,Newham,bnewhampj@tinyurl.com,Female,TRUE
921,Reina,Geraudy,rgeraudypk@nbcnews.com,Female,FALSE
922,Heall,Gerrett,hgerrettpl@ycombinator.com,Male,TRUE
923,Davita,Quincee,dquinceepm@ftc.gov,Female,FALSE
924,Frants,Levermore,flevermorepn@merriam-webster.com,Male,FALSE
925,Kizzee,Sinfield,ksinfieldpo@who.int,Female,TRUE
926,Brittani,Hynde,bhyndepp@ucoz.com,Female,FALSE
927,Arluene,Knifton,akniftonpq@amazon.com,Female,FALSE
928,D'arcy,Duck,dduckpr@army.mil,Agender,TRUE
929,Kathleen,Filson,kfilsonps@sbwire.com,Female,FALSE
930,Court,Sincock,csincockpt@springer.com,Male,FALSE
931,Kort,Banford,kbanfordpu@symantec.com,Male,FALSE
932,Sophia,Lauthian,slauthianpv@earthlink.net,Female,FALSE
933,Jody,Pennyman,jpennymanpw@jimdo.com,Male,TRUE
934,Mano,Eke,mekepx@dot.gov,Male,TRUE
935,Kissiah,Challin,kchallinpy@vkontakte.ru,Female,TRUE
936,Matty,Winsome,mwinsomepz@dyndns.org,Agender,FALSE
937,Auroora,Criple,acripleq0@github.com,Female,TRUE
938,Johnny,Grebert,jgrebertq1@last.fm,Agender,TRUE
939,Bill,Pavolini,bpavoliniq2@japanpost.jp,Male,TRUE
940,Chevalier,Verrill,cverrillq3@craigslist.org,Male,TRUE
941,Tracie,Frake,tfrakeq4@ehow.com,Male,TRUE
942,Dietrich,Mulloch,dmullochq5@upenn.edu,Male,TRUE
943,Genia,Baake,gbaakeq6@163.com,Female,FALSE
944,Meghan,Layus,mlayusq7@addthis.com,Female,FALSE
945,Xerxes,Djorvic,xdjorvicq8@paypal.com,Male,TRUE
946,Aveline,Daber,adaberq9@people.com.cn,Female,TRUE
947,Zorana,Perrins,zperrinsqa@deviantart.com,Female,FALSE
948,Dorette,Rabbitt,drabbittqb@java.com,Female,FALSE
949,Damien,Van Arsdall,dvanarsdallqc@columbia.edu,Male,FALSE
950,Ambros,Kaasmann,akaasmannqd@narod.ru,Male,FALSE
951,Chase,Dammarell,cdammarellqe@dell.com,Male,FALSE
952,Vidovik,Gatfield,vgatfieldqf@4shared.com,Male,FALSE
953,Di,Fazzioli,dfazzioliqg@shop-pro.jp,Female,TRUE
954,Jerry,Kirsopp,jkirsoppqh@about.me,Female,TRUE
955,Patton,Jouhan,pjouhanqi@odnoklassniki.ru,Male,TRUE
956,Aylmar,Bridgens,abridgensqj@who.int,Male,TRUE
957,Katerine,Tooth,ktoothqk@walmart.com,Polygender,FALSE
958,Yoshiko,Trasler,ytraslerql@seesaa.net,Female,TRUE
959,Cecilio,Orsman,corsmanqm@youku.com,Male,FALSE
960,Chet,Garmons,cgarmonsqn@last.fm,Male,TRUE
961,Moyna,Walley,mwalleyqo@nps.gov,Female,TRUE
962,Willamina,Agget,waggetqp@webs.com,Female,TRUE
963,Artur,Bisseker,abissekerqq@delicious.com,Male,FALSE
964,Leslie,Toffolo,ltoffoloqr@yolasite.com,Polygender,TRUE
965,Kara-lynn,McCue,kmccueqs@indiatimes.com,Female,TRUE
966,Rebe,Francesc,rfrancescqt@cloudflare.com,Female,TRUE
967,Ernie,Harron,eharronqu@sogou.com,Male,TRUE
968,Sanders,Acuna,sacunaqv@over-blog.com,Genderfluid,TRUE
969,Neala,Esmonde,nesmondeqw@bloglovin.com,Female,TRUE
970,Brendin,Coathup,bcoathupqx@usda.gov,Male,TRUE
971,Delly,Atherley,datherleyqy@sakura.ne.jp,Female,FALSE
972,Prent,Lord,plordqz@imageshack.us,Male,FALSE
973,Andree,Parsisson,aparsissonr0@hp.com,Female,FALSE
974,Trudie,Simacek,tsimacekr1@over-blog.com,Female,FALSE
975,Dennie,Tedman,dtedmanr2@fda.gov,Male,TRUE
976,Mamie,Watters,mwattersr3@aboutads.info,Female,TRUE
977,Teodora,Phalip,tphalipr4@cpanel.net,Female,FALSE
978,Binny,Wickrath,bwickrathr5@indiegogo.com,Female,FALSE
979,Marji,Winnister,mwinnisterr6@amazon.co.uk,Female,TRUE
980,Alecia,Aris,aarisr7@cdc.gov,Female,FALSE
981,Vincenz,Lawrey,vlawreyr8@cisco.com,Male,FALSE
982,Glad,Bing,gbingr9@youtube.com,Female,TRUE
983,Delphine,Heamus,dheamusra@godaddy.com,Female,FALSE
984,Juana,Potapczuk,jpotapczukrb@wsj.com,Female,FALSE
985,Hershel,Spadotto,hspadottorc@amazonaws.com,Male,FALSE
986,Harrietta,Backs,hbacksrd@slideshare.net,Female,TRUE
987,Ginger,Mellers,gmellersre@blog.com,Male,TRUE
988,Asher,Purbrick,apurbrickrf@cornell.edu,Agender,FALSE
989,Rhiamon,Twoohy,rtwoohyrg@seesaa.net,Female,TRUE
990,Elli,Hurndall,ehurndallrh@marketwatch.com,Female,FALSE
991,Jordanna,Borth,jborthri@examiner.com,Female,FALSE
992,Lanna,Wahncke,lwahnckerj@discuz.net,Female,TRUE
993,Shani,Eblein,sebleinrk@lulu.com,Female,FALSE
994,Jaquelyn,Scraney,jscraneyrl@github.com,Female,TRUE
995,Eliza,Shallow,eshallowrm@fc2.com,Bigender,TRUE
996,Shirley,Oldred,soldredrn@pcworld.com,Female,TRUE
997,Merrili,Stephen,mstephenro@fc2.com,Female,FALSE
998,Ingelbert,Rainford,irainfordrp@bigcartel.com,Male,FALSE
999,Pepillo,Medlar,pmedlarrq@whitehouse.gov,Male,TRUE
1000,Melany,Brazil,mbrazilrr@opera.com,Female,TRUE